YEAR,STATE,AVG_TEMP,EVENT_COUNT
2020,ALABAMA,65.25833333333334,1353
2020,ALASKA,28.425,252
2020,ARIZONA,61.574999999999996,816
2020,ARKANSAS,61.458333333333336,1138
2020,CALIFORNIA,59.541666666666664,1828
2020,COLORADO,46.49166666666667,1828
2020,CONNECTICUT,50.958333333333336,238
2020,DELAWARE,57.84166666666667,184
2020,FLORIDA,73.43333333333334,1274
2020,GEORGIA,66.06666666666666,1535
2020,HAWAII,67.75,622
2020,IDAHO,43.675000000000004,476
2020,ILLINOIS,53.1,1756
2020,INDIANA,53.23333333333333,934
2020,IOWA,48.63333333333333,1588
2020,KANSAS,55.199999999999996,1782
2020,KENTUCKY,57.53333333333333,1285
2020,LOUISIANA,68.20833333333333,874
2020,MAINE,42.31666666666667,475
2020,MARYLAND,57.074999999999996,1128
2020,MASSACHUSETTS,49.916666666666664,850
2020,MICHIGAN,45.80833333333334,811
2020,MINNESOTA,41.44166666666667,1600
2020,MISSISSIPPI,65.575,1058
2020,MISSOURI,55.69166666666666,1542
2020,MONTANA,42.083333333333336,1349
2020,NEBRASKA,49.541666666666664,1728
2020,NEVADA,51.28333333333333,310
2020,OHIO,53.05833333333334,1820
2020,OKLAHOMA,60.708333333333336,1630
2020,OREGON,48.03333333333333,356
2020,PENNSYLVANIA,50.791666666666664,1978
2020,TENNESSEE,59.75833333333333,1133
2020,TEXAS,66.66666666666667,4128
2020,UTAH,49.333333333333336,280
2020,VERMONT,43.65833333333333,231
2020,VIRGINIA,57.625,2368
2020,WASHINGTON,47.475,463
2020,WISCONSIN,44.09166666666667,968
2020,WYOMING,41.63333333333333,1024
2021,ALABAMA,63.949999999999996,1186
2021,ALASKA,27.96666666666667,283
2021,ARIZONA,62.300000000000004,1301
2021,ARKANSAS,60.333333333333336,982
2021,CALIFORNIA,60.61666666666667,2820
2021,COLORADO,46.86666666666667,1844
2021,CONNECTICUT,51.199999999999996,303
2021,DELAWARE,57.31666666666666,97
2021,FLORIDA,72.39166666666667,920
2021,GEORGIA,64.66666666666667,847
2021,HAWAII,67.05833333333334,699
2021,IDAHO,44.80833333333334,390
2021,ILLINOIS,52.85833333333333,1618
2021,INDIANA,52.75833333333333,981
2021,IOWA,48.96666666666667,1786
2021,KANSAS,55.09166666666667,1962
2021,KENTUCKY,56.34166666666667,1627
2021,LOUISIANA,66.98333333333333,784
2021,MAINE,43.96666666666667,323
2021,MARYLAND,56.541666666666664,1103
2021,MASSACHUSETTS,50.525,585
2021,MICHIGAN,46.65,964
2021,MINNESOTA,43.30833333333334,1451
2021,MISSISSIPPI,64.25,1165
2021,MISSOURI,55.28333333333333,1646
2021,MONTANA,43.625,1424
2021,NEBRASKA,50.19166666666666,1611
2021,NEVADA,52.43333333333334,450
2021,OHIO,52.525,1072
2021,OKLAHOMA,59.708333333333336,1324
2021,OREGON,49.06666666666666,391
2021,PENNSYLVANIA,50.708333333333336,2250
2021,TENNESSEE,58.51666666666667,1285
2021,TEXAS,65.60833333333333,4623
2021,UTAH,50.38333333333333,546
2021,VERMONT,44.625,350
2021,VIRGINIA,56.68333333333334,2301
2021,WASHINGTON,48.28333333333333,381
2021,WISCONSIN,44.94166666666666,1165
2021,WYOMING,42.86666666666667,946
2022,ALABAMA,64.48333333333333,1030
2022,ALASKA,27.308333333333334,332
2022,ARIZONA,61.99166666666667,1419
2022,ARKANSAS,61.86666666666667,1533
2022,CALIFORNIA,60.34166666666667,2832
2022,COLORADO,47.324999999999996,1587
2022,CONNECTICUT,51.14166666666667,190
2022,DELAWARE,57.1,103
2022,FLORIDA,72.45,1242
2022,GEORGIA,65.03333333333333,1106
2022,HAWAII,66.97500000000001,663
2022,IDAHO,44.43333333333334,510
2022,ILLINOIS,53.26666666666667,2181
2022,INDIANA,53.175000000000004,1185
2022,IOWA,49.01666666666667,1514
2022,KANSAS,56.25,2324
2022,KENTUCKY,57.13333333333333,2068
2022,LOUISIANA,67.79166666666667,814
2022,MAINE,43.208333333333336,415
2022,MARYLAND,56.53333333333333,865
2022,MASSACHUSETTS,50.51666666666667,439
2022,MICHIGAN,45.9,831
2022,MINNESOTA,41.50833333333333,2728
2022,MISSISSIPPI,65.14166666666667,1474
2022,MISSOURI,56.208333333333336,1925
2022,MONTANA,43.4,1901
2022,NEBRASKA,51.050000000000004,2195
2022,NEVADA,52.25833333333333,698
2022,OHIO,52.699999999999996,1565
2022,OKLAHOMA,61.583333333333336,2077
2022,OREGON,48.76666666666667,333
2022,PENNSYLVANIA,50.50833333333333,1527
2022,TENNESSEE,59.19166666666666,1599
2022,TEXAS,66.95,5414
2022,UTAH,50.333333333333336,540
2022,VERMONT,44.275,371
2022,VIRGINIA,57.00833333333333,2017
2022,WASHINGTON,47.541666666666664,477
2022,WISCONSIN,43.975,1266
2022,WYOMING,43.291666666666664,926
2023,ALABAMA,65.09166666666667,2125
2023,ALASKA,28.474999999999998,385
2023,ARIZONA,60.23333333333333,1012
2023,ARKANSAS,62.36666666666667,1510
2023,CALIFORNIA,58.38333333333333,3148
2023,COLORADO,45.26666666666667,2102
2023,CONNECTICUT,52.18333333333334,240
2023,DELAWARE,57.6,109
2023,FLORIDA,73.26666666666667,1669
2023,GEORGIA,65.5,2708
2023,HAWAII,67.04166666666667,268
2023,IDAHO,43.15833333333333,581
2023,ILLINOIS,53.78333333333333,2505
2023,INDIANA,53.63333333333333,1128
2023,IOWA,49.00833333333333,1886
2023,KANSAS,55.541666666666664,2837
2023,KENTUCKY,57.56666666666666,1617
2023,LOUISIANA,68.94166666666666,2199
2023,MAINE,44.416666666666664,663
2023,MARYLAND,56.90833333333333,649
2023,MASSACHUSETTS,51.291666666666664,475
2023,MICHIGAN,46.80833333333334,792
2023,MINNESOTA,41.9,1690
2023,MISSISSIPPI,66.14166666666667,1942
2023,MISSOURI,56.425000000000004,2303
2023,MONTANA,42.166666666666664,1124
2023,NEBRASKA,49.425000000000004,2335
2023,NEVADA,49.916666666666664,656
2023,OHIO,53.06666666666666,1099
2023,OKLAHOMA,61.416666666666664,3764
2023,OREGON,47.625,339
2023,PENNSYLVANIA,51.06666666666666,1624
2023,TENNESSEE,59.550000000000004,1854
2023,TEXAS,67.45,7773
2023,UTAH,48.23333333333333,689
2023,VERMONT,45.63333333333333,351
2023,VIRGINIA,57.19166666666666,1508
2023,WASHINGTON,47.51666666666667,284
2023,WISCONSIN,44.949999999999996,1325
2023,WYOMING,41.050000000000004,1002
2024,ALABAMA,64.85833333333333,1278
2024,ALASKA,28.691666666666666,336
2024,ARIZONA,61.86666666666667,573
2024,ARKANSAS,62.824999999999996,1245
2024,CALIFORNIA,59.78333333333333,2574
2024,COLORADO,47.10833333333333,1895
2024,CONNECTICUT,52.166666666666664,288
2024,DELAWARE,57.36666666666667,83
2024,FLORIDA,72.60000000000001,1465
2024,GEORGIA,65.275,1669
2024,HAWAII,66.70833333333333,180
2024,IDAHO,45.10833333333333,607
2024,ILLINOIS,55.25833333333333,2581
2024,INDIANA,54.73333333333333,1093
2024,IOWA,51.55833333333334,2532
2024,KANSAS,57.09166666666667,2655
2024,KENTUCKY,58.18333333333334,1754
2024,LOUISIANA,68.81666666666666,1310
2024,MAINE,44.949999999999996,495
2024,MARYLAND,57.300000000000004,553
2024,MASSACHUSETTS,51.30833333333334,314
2024,MICHIGAN,48.416666666666664,701
2024,MINNESOTA,45.699999999999996,1558
2024,MISSISSIPPI,66.14166666666667,1359
2024,MISSOURI,57.78333333333333,2384
2024,MONTANA,44.333333333333336,1274
2024,NEBRASKA,51.541666666666664,2055
2024,NEVADA,51.86666666666667,490
2024,OHIO,54.25,1412
2024,OKLAHOMA,62.44166666666666,3609
2024,OREGON,48.96666666666667,440
2024,PENNSYLVANIA,51.85833333333333,2120
2024,TENNESSEE,59.9,1677
2024,TEXAS,68.08333333333333,5738
2024,UTAH,50.425000000000004,524
2024,VERMONT,46.375,350
2024,VIRGINIA,57.60833333333333,1812
2024,WASHINGTON,48.449999999999996,360
2024,WISCONSIN,47.56666666666666,1286
2024,WYOMING,43.525,803
